{
  "initialization_time": 0.4468717575073242,
  "execution_time": 144.94732689857483,
  "total_time": 145.39419865608215
}