{
  "initialization_time": 0.39923095703125,
  "execution_time": 128.55863189697266,
  "total_time": 128.9578628540039
}