{
  "initialization_time": 0.42787909507751465,
  "execution_time": 45.633586168289185,
  "total_time": 46.0614652633667
}