{
  "initialization_time": 0.3924980163574219,
  "execution_time": 23.70285391807556,
  "total_time": 24.095351934432983
}