{
  "initialization_time": 0.4001340866088867,
  "execution_time": 24.920053958892822,
  "total_time": 25.32018804550171
}