{
  "initialization_time": 0.3919980525970459,
  "execution_time": 27.54210090637207,
  "total_time": 27.934098958969116
}