{
  "initialization_time": 0.3952341079711914,
  "execution_time": 26.061208963394165,
  "total_time": 26.456443071365356
}