{
  "initialization_time": 0.8944549560546875,
  "execution_time": 128.31710290908813,
  "total_time": 129.21155786514282
}