{
  "initialization_time": 0.3823049068450928,
  "execution_time": 28.75713014602661,
  "total_time": 29.139435052871704
}