{
  "initialization_time": 0.40082788467407227,
  "execution_time": 38.91313910484314,
  "total_time": 39.31396698951721
}