{
  "initialization_time": 0.3969869613647461,
  "execution_time": 26.889720916748047,
  "total_time": 27.286707878112793
}