{
  "initialization_time": 0.44232916831970215,
  "execution_time": 43.95843577384949,
  "total_time": 44.40076494216919
}