{
  "initialization_time": 0.42827701568603516,
  "execution_time": 171.90849113464355,
  "total_time": 172.3367681503296
}