{
  "initialization_time": 0.4187772274017334,
  "execution_time": 98.80911374092102,
  "total_time": 99.22789096832275
}