{
  "initialization_time": 0.3925631046295166,
  "execution_time": 21.41196894645691,
  "total_time": 21.804532051086426
}