{
  "initialization_time": 0.434431791305542,
  "execution_time": 33.35356402397156,
  "total_time": 33.7879958152771
}