{
  "initialization_time": 0.45603394508361816,
  "execution_time": 104.79712414741516,
  "total_time": 105.25315809249878
}