{
  "initialization_time": 0.4567131996154785,
  "execution_time": 20.075340032577515,
  "total_time": 20.532053232192993
}