{
  "initialization_time": 0.3857390880584717,
  "execution_time": 39.538865089416504,
  "total_time": 39.924604177474976
}