{
  "initialization_time": 0.3789558410644531,
  "execution_time": 160.27298593521118,
  "total_time": 160.65194177627563
}