{
  "initialization_time": 0.39565014839172363,
  "execution_time": 35.607901096343994,
  "total_time": 36.00355124473572
}