{
  "initialization_time": 0.3946809768676758,
  "execution_time": 32.60821795463562,
  "total_time": 33.002898931503296
}