{
  "initialization_time": 0.3852100372314453,
  "execution_time": 23.613956928253174,
  "total_time": 23.99916696548462
}