{
  "initialization_time": 0.3833930492401123,
  "execution_time": 36.90350317955017,
  "total_time": 37.28689622879028
}