{
  "initialization_time": 0.44146084785461426,
  "execution_time": 69.24467515945435,
  "total_time": 69.68613600730896
}