{
  "initialization_time": 0.45253586769104004,
  "execution_time": 26.86209774017334,
  "total_time": 27.31463360786438
}