{
  "initialization_time": 0.399111270904541,
  "execution_time": 85.00110077857971,
  "total_time": 85.40021204948425
}