{
  "initialization_time": 0.4067361354827881,
  "execution_time": 40.57042479515076,
  "total_time": 40.977160930633545
}