{
  "initialization_time": 0.4717750549316406,
  "execution_time": 137.66249918937683,
  "total_time": 138.13427424430847
}