{
  "initialization_time": 0.3853189945220947,
  "execution_time": 34.00254416465759,
  "total_time": 34.38786315917969
}