{
  "initialization_time": 0.3861072063446045,
  "execution_time": 136.47979092597961,
  "total_time": 136.86589813232422
}