{
  "initialization_time": 0.38880372047424316,
  "execution_time": 128.92479729652405,
  "total_time": 129.3136010169983
}