{
  "initialization_time": 0.39859604835510254,
  "execution_time": 114.33693790435791,
  "total_time": 114.73553395271301
}