{
  "initialization_time": 0.38319897651672363,
  "execution_time": 118.03126502037048,
  "total_time": 118.4144639968872
}