{
  "initialization_time": 0.3846719264984131,
  "execution_time": 132.26875495910645,
  "total_time": 132.65342688560486
}