{
  "initialization_time": 0.3979618549346924,
  "execution_time": 38.975215911865234,
  "total_time": 39.37317776679993
}