{
  "initialization_time_planning": 0.40117335319519043,
  "execution_time_planning": 42.83788275718689,
  "initialization_time_control": 0.3925669193267822,
  "execution_time_control": 188.65620589256287,
  "total_time": 232.28782892227173
}