{
  "initialization_time_planning": 0.40117335319519043,
  "execution_time_planning": 42.83788275718689,
  "initialization_time_control": 0.44841909408569336,
  "execution_time_control": 63.616809129714966,
  "total_time": 107.30428433418274
}