{
  "initialization_time_planning": 0.40117335319519043,
  "execution_time_planning": 42.83788275718689,
  "initialization_time_control": 0.39452481269836426,
  "execution_time_control": 106.57082080841064,
  "total_time": 150.2044017314911
}