{
  "initialization_time": 0.395949125289917,
  "execution_time": 134.4782018661499,
  "total_time": 134.87415099143982
}