{
  "initialization_time": 0.389599084854126,
  "execution_time": 130.7964129447937,
  "total_time": 131.18601202964783
}