{
  "initialization_time": 0.45687294006347656,
  "execution_time": 36.860525131225586,
  "total_time": 37.31739807128906
}