{
  "initialization_time": 0.4145328998565674,
  "execution_time": 23.078305959701538,
  "total_time": 23.492838859558105
}