{
  "initialization_time": 0.48053693771362305,
  "execution_time": 91.8438720703125,
  "total_time": 92.32440900802612
}