{
  "initialization_time": 0.46341800689697266,
  "execution_time": 104.44736218452454,
  "total_time": 104.91078019142151
}