{
  "initialization_time": 0.4635899066925049,
  "execution_time": 69.29408526420593,
  "total_time": 69.75767517089844
}