{
  "initialization_time": 0.3919031620025635,
  "execution_time": 32.75050377845764,
  "total_time": 33.142406940460205
}