{
  "initialization_time": 0.4246091842651367,
  "execution_time": 142.0828070640564,
  "total_time": 142.50741624832153
}