{
  "initialization_time": 0.3791799545288086,
  "execution_time": 35.24010920524597,
  "total_time": 35.61928915977478
}