{
  "initialization_time": 0.41779494285583496,
  "execution_time": 93.99677395820618,
  "total_time": 94.41456890106201
}