{
  "initialization_time": 0.39134883880615234,
  "execution_time": 27.712178230285645,
  "total_time": 28.103527069091797
}