{
  "initialization_time": 0.392474889755249,
  "execution_time": 30.254090070724487,
  "total_time": 30.646564960479736
}