{
  "initialization_time": 0.42738986015319824,
  "execution_time": 46.02317810058594,
  "total_time": 46.450567960739136
}