{
  "initialization_time": 0.7156820297241211,
  "execution_time": 39.992372035980225,
  "total_time": 40.708054065704346
}