{
  "initialization_time": 0.4267599582672119,
  "execution_time": 60.64966917037964,
  "total_time": 61.07642912864685
}