{
  "initialization_time": 0.41176581382751465,
  "execution_time": 169.45778894424438,
  "total_time": 169.8695547580719
}