{
  "initialization_time": 0.4086110591888428,
  "execution_time": 33.25530505180359,
  "total_time": 33.66391611099243
}