{
  "initialization_time": 0.3856070041656494,
  "execution_time": 39.600406885147095,
  "total_time": 39.986013889312744
}