{
  "initialization_time": 0.44686102867126465,
  "execution_time": 55.403982162475586,
  "total_time": 55.85084319114685
}