{
  "initialization_time": 0.41715407371520996,
  "execution_time": 35.317134141922,
  "total_time": 35.73428821563721
}