{
  "initialization_time": 0.42171287536621094,
  "execution_time": 57.264427185058594,
  "total_time": 57.686140060424805
}