{
  "initialization_time": 0.3808908462524414,
  "execution_time": 191.7672598361969,
  "total_time": 192.14815068244934
}