{
  "initialization_time": 0.3804800510406494,
  "execution_time": 180.85213994979858,
  "total_time": 181.23262000083923
}