{
  "initialization_time": 0.4558138847351074,
  "execution_time": 42.600813150405884,
  "total_time": 43.05662703514099
}