{
  "initialization_time": 0.4311659336090088,
  "execution_time": 83.01492023468018,
  "total_time": 83.44608616828918
}