{
  "initialization_time": 0.4081296920776367,
  "execution_time": 28.90184211730957,
  "total_time": 29.309971809387207
}