{
  "initialization_time": 0.3968222141265869,
  "execution_time": 145.1076169013977,
  "total_time": 145.5044391155243
}