{
  "initialization_time": 0.45117998123168945,
  "execution_time": 35.70911693572998,
  "total_time": 36.16029691696167
}