{
  "initialization_time": 0.3768441677093506,
  "execution_time": 51.50810885429382,
  "total_time": 51.884953022003174
}