{
  "initialization_time": 0.4019043445587158,
  "execution_time": 36.31169366836548,
  "total_time": 36.713598012924194
}