{
  "initialization_time": 0.4637429714202881,
  "execution_time": 234.02495694160461,
  "total_time": 234.4886999130249
}