{
  "initialization_time": 0.4945242404937744,
  "execution_time": 117.81598281860352,
  "total_time": 118.31050705909729
}