{
  "initialization_time": 0.3936319351196289,
  "execution_time": 94.2133150100708,
  "total_time": 94.60694694519043
}