{
  "initialization_time": 0.41758298873901367,
  "execution_time": 66.24417495727539,
  "total_time": 66.6617579460144
}