{
  "initialization_time": 0.3852250576019287,
  "execution_time": 30.27217197418213,
  "total_time": 30.657397031784058
}