{
  "initialization_time": 0.4203779697418213,
  "execution_time": 121.4839780330658,
  "total_time": 121.90435600280762
}