{
  "initialization_time": 0.3861980438232422,
  "execution_time": 34.04935383796692,
  "total_time": 34.43555188179016
}