{
  "initialization_time": 0.38617992401123047,
  "execution_time": 36.94353914260864,
  "total_time": 37.32971906661987
}