{
  "initialization_time": 0.42748212814331055,
  "execution_time": 145.62942790985107,
  "total_time": 146.05691003799438
}