{
  "initialization_time": 0.38343310356140137,
  "execution_time": 51.233314037323,
  "total_time": 51.6167471408844
}