{
  "initialization_time": 0.45287203788757324,
  "execution_time": 125.73316884040833,
  "total_time": 126.1860408782959
}