{
  "initialization_time": 0.39169979095458984,
  "execution_time": 121.503408908844,
  "total_time": 121.89510869979858
}