{
  "initialization_time": 0.3911299705505371,
  "execution_time": 47.83442521095276,
  "total_time": 48.225555181503296
}