{
  "initialization_time": 0.3825340270996094,
  "execution_time": 24.680014848709106,
  "total_time": 25.062548875808716
}