{
  "initialization_time": 0.4357490539550781,
  "execution_time": 120.63423109054565,
  "total_time": 121.06998014450073
}