{
  "initialization_time": 0.38437390327453613,
  "execution_time": 80.989511013031,
  "total_time": 81.37388491630554
}