{
  "initialization_time": 0.39029693603515625,
  "execution_time": 166.65675902366638,
  "total_time": 167.04705595970154
}