{
  "initialization_time": 0.4190220832824707,
  "execution_time": 173.1039719581604,
  "total_time": 173.52299404144287
}