{
  "initialization_time": 0.3926100730895996,
  "execution_time": 44.7454628944397,
  "total_time": 45.1380729675293
}