{
  "initialization_time": 0.38080811500549316,
  "execution_time": 142.56562495231628,
  "total_time": 142.94643306732178
}