{
  "initialization_time": 0.3907473087310791,
  "execution_time": 110.70905709266663,
  "total_time": 111.0998044013977
}