{
  "initialization_time": 0.38207077980041504,
  "execution_time": 162.64321112632751,
  "total_time": 163.02528190612793
}