{
  "initialization_time": 0.38614606857299805,
  "execution_time": 159.0834629535675,
  "total_time": 159.4696090221405
}