{
  "initialization_time": 1.7182531356811523,
  "execution_time": 36.67927575111389,
  "total_time": 38.397528886795044
}