{
  "initialization_time": 0.3924901485443115,
  "execution_time": 173.86321806907654,
  "total_time": 174.25570821762085
}