{
  "initialization_time": 0.4603261947631836,
  "execution_time": 164.71552991867065,
  "total_time": 165.17585611343384
}