{
  "initialization_time": 0.43780994415283203,
  "execution_time": 23.76698613166809,
  "total_time": 24.204796075820923
}