{
  "initialization_time": 0.50748610496521,
  "execution_time": 134.72862601280212,
  "total_time": 135.23611211776733
}