{
  "initialization_time": 0.3853330612182617,
  "execution_time": 24.849268913269043,
  "total_time": 25.234601974487305
}