{
  "initialization_time": 0.39565300941467285,
  "execution_time": 41.47599482536316,
  "total_time": 41.87164783477783
}