{
  "initialization_time": 0.4017367362976074,
  "execution_time": 111.8655161857605,
  "total_time": 112.2672529220581
}