{
  "initialization_time": 0.3823549747467041,
  "execution_time": 38.44890594482422,
  "total_time": 38.83126091957092
}