{
  "initialization_time": 0.4279770851135254,
  "execution_time": 112.67247796058655,
  "total_time": 113.10045504570007
}