{
  "initialization_time": 0.3854868412017822,
  "execution_time": 159.18914914131165,
  "total_time": 159.57463598251343
}