{
  "initialization_time": 0.36855030059814453,
  "execution_time": 34.1072199344635,
  "total_time": 34.475770235061646
}