{
  "initialization_time": 0.40742969512939453,
  "execution_time": 32.7667350769043,
  "total_time": 33.17416477203369
}