{
  "initialization_time": 0.5118122100830078,
  "execution_time": 161.20482087135315,
  "total_time": 161.71663308143616
}