{
  "initialization_time": 0.39456892013549805,
  "execution_time": 37.05597376823425,
  "total_time": 37.45054268836975
}