{
  "initialization_time": 0.41913390159606934,
  "execution_time": 192.433452129364,
  "total_time": 192.85258603096008
}