{
  "initialization_time": 0.3909111022949219,
  "execution_time": 48.406697273254395,
  "total_time": 48.797608375549316
}