{
  "initialization_time": 0.3835489749908447,
  "execution_time": 184.513916015625,
  "total_time": 184.89746499061584
}