{
  "initialization_time": 0.4042389392852783,
  "execution_time": 36.26094698905945,
  "total_time": 36.66518592834473
}