{
  "initialization_time": 0.37676191329956055,
  "execution_time": 141.4943151473999,
  "total_time": 141.87107706069946
}