{
  "initialization_time": 0.3845398426055908,
  "execution_time": 42.519410848617554,
  "total_time": 42.903950691223145
}