{
  "initialization_time": 0.39249610900878906,
  "execution_time": 24.89483404159546,
  "total_time": 25.287330150604248
}