{
  "initialization_time": 0.38645505905151367,
  "execution_time": 27.534789085388184,
  "total_time": 27.921244144439697
}