{
  "initialization_time": 0.3837921619415283,
  "execution_time": 41.87800908088684,
  "total_time": 42.26180124282837
}