{
  "initialization_time": 0.47462010383605957,
  "execution_time": 45.72417998313904,
  "total_time": 46.1988000869751
}