{
  "initialization_time": 0.3905627727508545,
  "execution_time": 28.46330213546753,
  "total_time": 28.853864908218384
}