{
  "initialization_time": 0.4534010887145996,
  "execution_time": 97.54478287696838,
  "total_time": 97.99818396568298
}