{
  "initialization_time": 0.3825972080230713,
  "execution_time": 21.681667804718018,
  "total_time": 22.06426501274109
}