{
  "initialization_time_planning": 0.38846516609191895,
  "execution_time_planning": 42.91446781158447,
  "initialization_time_control": 0.3794577121734619,
  "execution_time_control": 117.98741006851196,
  "total_time": 161.66980075836182
}