{
  "initialization_time_planning": 0.38846516609191895,
  "execution_time_planning": 42.91446781158447,
  "initialization_time_control": 0.405562162399292,
  "execution_time_control": 116.97090911865234,
  "total_time": 160.67940425872803
}