{
  "initialization_time_planning": 0.38846516609191895,
  "execution_time_planning": 42.91446781158447,
  "initialization_time_control": 0.38063597679138184,
  "execution_time_control": 73.02841591835022,
  "total_time": 116.711984872818
}