{
  "initialization_time": 0.39449095726013184,
  "execution_time": 26.329209089279175,
  "total_time": 26.723700046539307
}