{
  "initialization_time_planning": 0.4475281238555908,
  "execution_time_planning": 38.424168825149536,
  "initialization_time_control": 0.41853904724121094,
  "execution_time_control": 57.56566905975342,
  "total_time": 96.85590505599976
}