{
  "initialization_time_planning": 0.4475281238555908,
  "execution_time_planning": 38.424168825149536,
  "initialization_time_control": 0.387408971786499,
  "execution_time_control": 152.70234894752502,
  "total_time": 191.96145486831665
}