{
  "initialization_time_planning": 0.4475281238555908,
  "execution_time_planning": 38.424168825149536,
  "initialization_time_control": 0.41200804710388184,
  "execution_time_control": 187.14190077781677,
  "total_time": 226.42560577392578
}