{
  "initialization_time": 0.46903181076049805,
  "execution_time": 99.19409394264221,
  "total_time": 99.66312575340271
}