{
  "initialization_time": 0.3776261806488037,
  "execution_time": 45.946805000305176,
  "total_time": 46.32443118095398
}