{
  "initialization_time": 0.52394700050354,
  "execution_time": 105.92400002479553,
  "total_time": 106.44794702529907
}