{
  "initialization_time": 0.38298583030700684,
  "execution_time": 23.108890771865845,
  "total_time": 23.49187660217285
}