{
  "initialization_time": 0.3660287857055664,
  "execution_time": 21.57174015045166,
  "total_time": 21.937768936157227
}