{
  "initialization_time": 0.38150930404663086,
  "execution_time": 40.78633975982666,
  "total_time": 41.16784906387329
}