{
  "initialization_time": 0.4054839611053467,
  "execution_time": 25.593919038772583,
  "total_time": 25.99940299987793
}