{
  "initialization_time": 0.3827989101409912,
  "execution_time": 165.27589201927185,
  "total_time": 165.65869092941284
}