{
  "initialization_time": 0.3834981918334961,
  "execution_time": 79.3037679195404,
  "total_time": 79.6872661113739
}