{
  "initialization_time": 0.43806004524230957,
  "execution_time": 73.77474308013916,
  "total_time": 74.21280312538147
}