{
  "initialization_time": 0.3766450881958008,
  "execution_time": 52.497209787368774,
  "total_time": 52.873854875564575
}