{
  "initialization_time_planning": 0.41954994201660156,
  "execution_time_planning": 39.93546485900879,
  "initialization_time_control": 0.3924410343170166,
  "execution_time_control": 143.25221300125122,
  "total_time": 183.99966883659363
}