{
  "initialization_time_planning": 0.41954994201660156,
  "execution_time_planning": 39.93546485900879,
  "initialization_time_control": 0.40901899337768555,
  "execution_time_control": 65.7683539390564,
  "total_time": 106.53238773345947
}