{
  "initialization_time_planning": 0.41954994201660156,
  "execution_time_planning": 39.93546485900879,
  "initialization_time_control": 0.39127087593078613,
  "execution_time_control": 174.0125060081482,
  "total_time": 214.75879168510437
}