{
  "initialization_time_planning": 0.4087400436401367,
  "execution_time_planning": 41.29748296737671,
  "initialization_time_control": 0.41930699348449707,
  "execution_time_control": 192.88397192955017,
  "total_time": 235.0095019340515
}