{
  "initialization_time_planning": 0.4087400436401367,
  "execution_time_planning": 41.29748296737671,
  "initialization_time_control": 0.43772196769714355,
  "execution_time_control": 147.6398651599884,
  "total_time": 189.7838101387024
}