{
  "initialization_time_planning": 0.4087400436401367,
  "execution_time_planning": 41.29748296737671,
  "initialization_time_control": 0.42261600494384766,
  "execution_time_control": 65.17600202560425,
  "total_time": 107.30484104156494
}