{
  "initialization_time": 0.39704108238220215,
  "execution_time": 66.23813199996948,
  "total_time": 66.63517308235168
}