{
  "initialization_time": 0.4147310256958008,
  "execution_time": 99.43193316459656,
  "total_time": 99.84666419029236
}