{
  "initialization_time": 0.42918872833251953,
  "execution_time": 73.03847336769104,
  "total_time": 73.46766209602356
}