{
  "initialization_time": 0.3799397945404053,
  "execution_time": 153.0846939086914,
  "total_time": 153.4646337032318
}