{
  "initialization_time": 0.39113283157348633,
  "execution_time": 73.05087804794312,
  "total_time": 73.4420108795166
}