{
  "initialization_time": 0.39969682693481445,
  "execution_time": 25.570563077926636,
  "total_time": 25.97025990486145
}