{
  "initialization_time": 0.4077420234680176,
  "execution_time": 169.9827699661255,
  "total_time": 170.3905119895935
}