{
  "initialization_time": 0.4145781993865967,
  "execution_time": 104.44609594345093,
  "total_time": 104.86067414283752
}