{
  "initialization_time": 0.3912961483001709,
  "execution_time": 133.46687984466553,
  "total_time": 133.8581759929657
}