{
  "initialization_time": 0.503511905670166,
  "execution_time": 33.87042689323425,
  "total_time": 34.37393879890442
}