{
  "initialization_time": 0.41242289543151855,
  "execution_time": 47.0830352306366,
  "total_time": 47.495458126068115
}