{
  "initialization_time": 0.5008139610290527,
  "execution_time": 26.264230966567993,
  "total_time": 26.765044927597046
}