{
  "initialization_time": 0.3788161277770996,
  "execution_time": 34.52228498458862,
  "total_time": 34.90110111236572
}