{
  "initialization_time_planning": 0.4135620594024658,
  "execution_time_planning": 42.811959743499756,
  "initialization_time_control": 0.4189786911010742,
  "execution_time_control": 220.7860870361328,
  "total_time": 264.4305875301361
}