{
  "initialization_time_planning": 0.4135620594024658,
  "execution_time_planning": 42.811959743499756,
  "initialization_time_control": 0.43023681640625,
  "execution_time_control": 176.4334568977356,
  "total_time": 220.08921551704407
}