{
  "initialization_time": 0.3893868923187256,
  "execution_time": 152.12116479873657,
  "total_time": 152.5105516910553
}