{
  "initialization_time": 0.490433931350708,
  "execution_time": 138.0181109905243,
  "total_time": 138.508544921875
}