{
  "initialization_time": 0.38944506645202637,
  "execution_time": 169.6061749458313,
  "total_time": 169.99562001228333
}