{
  "initialization_time": 0.39444613456726074,
  "execution_time": 143.30265402793884,
  "total_time": 143.6971001625061
}