{
  "initialization_time": 0.3812251091003418,
  "execution_time": 24.752177953720093,
  "total_time": 25.133403062820435
}