{
  "initialization_time": 0.39296507835388184,
  "execution_time": 44.864145040512085,
  "total_time": 45.25711011886597
}