{
  "initialization_time": 0.40073585510253906,
  "execution_time": 222.84671211242676,
  "total_time": 223.2474479675293
}