{
  "initialization_time": 0.39415597915649414,
  "execution_time": 255.87315487861633,
  "total_time": 256.2673108577728
}