{
  "initialization_time": 0.42888307571411133,
  "execution_time": 72.16966891288757,
  "total_time": 72.59855198860168
}