{
  "initialization_time": 0.38915205001831055,
  "execution_time": 158.9556827545166,
  "total_time": 159.3448348045349
}