{
  "initialization_time": 0.3899252414703369,
  "execution_time": 33.340577602386475,
  "total_time": 33.73050284385681
}