{
  "initialization_time": 0.438507080078125,
  "execution_time": 111.37903213500977,
  "total_time": 111.81753921508789
}