{
  "initialization_time": 0.3874506950378418,
  "execution_time": 67.493967294693,
  "total_time": 67.88141798973083
}