{
  "initialization_time": 0.456341028213501,
  "execution_time": 133.6238341331482,
  "total_time": 134.0801751613617
}