{
  "initialization_time": 0.3988351821899414,
  "execution_time": 217.13750195503235,
  "total_time": 217.5363371372223
}