{
  "initialization_time": 0.4051551818847656,
  "execution_time": 128.21800208091736,
  "total_time": 128.62315726280212
}