{
  "initialization_time": 0.39594197273254395,
  "execution_time": 132.85736894607544,
  "total_time": 133.25331091880798
}