{
  "initialization_time": 0.6656961441040039,
  "execution_time": 37.401772022247314,
  "total_time": 38.06746816635132
}