{
  "initialization_time": 0.4611940383911133,
  "execution_time": 107.06925797462463,
  "total_time": 107.53045201301575
}