{
  "initialization_time": 0.40163469314575195,
  "execution_time": 72.50591731071472,
  "total_time": 72.90755200386047
}