{
  "initialization_time": 0.40531206130981445,
  "execution_time": 119.81038689613342,
  "total_time": 120.21569895744324
}