{
  "initialization_time_planning": 0.4335458278656006,
  "execution_time_planning": 38.26521396636963,
  "initialization_time_control": 0.39578866958618164,
  "execution_time_control": 103.4244909286499,
  "total_time": 142.5190393924713
}