{
  "initialization_time_planning": 0.4335458278656006,
  "execution_time_planning": 38.26521396636963,
  "initialization_time_control": 0.41727209091186523,
  "execution_time_control": 219.6435580253601,
  "total_time": 258.7595899105072
}