{
  "initialization_time_planning": 0.4335458278656006,
  "execution_time_planning": 38.26521396636963,
  "initialization_time_control": 0.44637227058410645,
  "execution_time_control": 103.3348639011383,
  "total_time": 142.47999596595764
}