{
  "initialization_time": 0.39940690994262695,
  "execution_time": 118.35962009429932,
  "total_time": 118.75902700424194
}