{
  "initialization_time": 0.44519686698913574,
  "execution_time": 31.731114149093628,
  "total_time": 32.176311016082764
}