{
  "initialization_time_planning": 0.3916590213775635,
  "execution_time_planning": 38.92244911193848,
  "initialization_time_control": 0.38189697265625,
  "execution_time_control": 112.94933104515076,
  "total_time": 152.64533615112305
}