{
  "initialization_time_planning": 0.3916590213775635,
  "execution_time_planning": 38.92244911193848,
  "initialization_time_control": 0.3961479663848877,
  "execution_time_control": 238.81629371643066,
  "total_time": 278.5265498161316
}