{
  "initialization_time_planning": 0.3916590213775635,
  "execution_time_planning": 38.92244911193848,
  "initialization_time_control": 0.37953996658325195,
  "execution_time_control": 96.3957781791687,
  "total_time": 136.089426279068
}