{
  "initialization_time": 0.43608808517456055,
  "execution_time": 127.24532103538513,
  "total_time": 127.68140912055969
}