{
  "initialization_time": 0.42272090911865234,
  "execution_time": 167.10568284988403,
  "total_time": 167.52840375900269
}