{
  "initialization_time": 0.39446210861206055,
  "execution_time": 74.4002149105072,
  "total_time": 74.79467701911926
}