{
  "initialization_time": 0.40725088119506836,
  "execution_time": 94.61877775192261,
  "total_time": 95.02602863311768
}