{
  "initialization_time": 0.4009709358215332,
  "execution_time": 40.48550796508789,
  "total_time": 40.886478900909424
}