{
  "initialization_time": 0.3924732208251953,
  "execution_time": 41.367660999298096,
  "total_time": 41.76013422012329
}