{
  "initialization_time": 0.4433021545410156,
  "execution_time": 180.86244988441467,
  "total_time": 181.3057520389557
}