{
  "initialization_time": 0.42353224754333496,
  "execution_time": 119.71034288406372,
  "total_time": 120.13387513160706
}