{
  "initialization_time": 0.41698575019836426,
  "execution_time": 91.29319024085999,
  "total_time": 91.71017599105835
}