{
  "initialization_time": 0.38623809814453125,
  "execution_time": 87.32181286811829,
  "total_time": 87.70805096626282
}