{
  "initialization_time": 0.38819289207458496,
  "execution_time": 45.73886299133301,
  "total_time": 46.12705588340759
}