{
  "initialization_time": 0.450211763381958,
  "execution_time": 45.71511220932007,
  "total_time": 46.165323972702026
}