{
  "initialization_time": 0.41025376319885254,
  "execution_time": 166.31180906295776,
  "total_time": 166.72206282615662
}