{
  "initialization_time_planning": 0.4441652297973633,
  "execution_time_planning": 120.90432596206665,
  "initialization_time_control": 0.4106631278991699,
  "execution_time_control": 224.86102175712585,
  "total_time": 346.62017607688904
}