{
  "initialization_time_planning": 0.4441652297973633,
  "execution_time_planning": 120.90432596206665,
  "initialization_time_control": 0.3954329490661621,
  "execution_time_control": 216.57799077033997,
  "total_time": 338.32191491127014
}