{
  "initialization_time": 0.3681912422180176,
  "execution_time": 22.253825664520264,
  "total_time": 22.62201690673828
}