{
  "initialization_time": 0.39429593086242676,
  "execution_time": 27.313995838165283,
  "total_time": 27.70829176902771
}