{
  "initialization_time": 0.387814998626709,
  "execution_time": 215.6075668334961,
  "total_time": 215.9953818321228
}