{
  "initialization_time": 0.4015848636627197,
  "execution_time": 42.30354714393616,
  "total_time": 42.70513200759888
}