{
  "initialization_time": 0.3804810047149658,
  "execution_time": 22.950473070144653,
  "total_time": 23.33095407485962
}