{
  "initialization_time_planning": 0.417464017868042,
  "execution_time_planning": 39.41414999961853,
  "initialization_time_control": 0.4177582263946533,
  "execution_time_control": 136.1765422821045,
  "total_time": 176.42591452598572
}