{
  "initialization_time_planning": 0.417464017868042,
  "execution_time_planning": 39.41414999961853,
  "initialization_time_control": 0.4193108081817627,
  "execution_time_control": 236.47950100898743,
  "total_time": 276.73042583465576
}