{
  "initialization_time_planning": 0.417464017868042,
  "execution_time_planning": 39.41414999961853,
  "initialization_time_control": 0.40991902351379395,
  "execution_time_control": 214.5851390361786,
  "total_time": 254.82667207717896
}