{
  "initialization_time": 0.3891298770904541,
  "execution_time": 28.3744900226593,
  "total_time": 28.763619899749756
}