{
  "initialization_time": 0.390728235244751,
  "execution_time": 22.095853805541992,
  "total_time": 22.486582040786743
}