{
  "initialization_time": 0.4510037899017334,
  "execution_time": 116.75748991966248,
  "total_time": 117.20849370956421
}