{
  "initialization_time": 0.46317219734191895,
  "execution_time": 137.30781412124634,
  "total_time": 137.77098631858826
}