{
  "initialization_time": 0.3895421028137207,
  "execution_time": 41.95425486564636,
  "total_time": 42.34379696846008
}