{
  "initialization_time": 0.43083691596984863,
  "execution_time": 115.64949774742126,
  "total_time": 116.08033466339111
}