{
  "initialization_time": 0.4132728576660156,
  "execution_time": 42.24289393424988,
  "total_time": 42.656166791915894
}