{
  "initialization_time": 0.3877601623535156,
  "execution_time": 25.25767183303833,
  "total_time": 25.645431995391846
}