{
  "initialization_time": 0.4457378387451172,
  "execution_time": 140.22751092910767,
  "total_time": 140.67324876785278
}