{
  "initialization_time": 0.43098998069763184,
  "execution_time": 124.413015127182,
  "total_time": 124.84400510787964
}