{
  "initialization_time": 0.39122986793518066,
  "execution_time": 84.00057029724121,
  "total_time": 84.39180016517639
}