{
  "initialization_time": 0.4328169822692871,
  "execution_time": 25.146655797958374,
  "total_time": 25.57947278022766
}