{
  "initialization_time": 0.41146397590637207,
  "execution_time": 54.04207682609558,
  "total_time": 54.45354080200195
}