{
  "initialization_time": 0.41503405570983887,
  "execution_time": 89.55653786659241,
  "total_time": 89.97157192230225
}