{
  "initialization_time": 0.390794038772583,
  "execution_time": 26.996901988983154,
  "total_time": 27.387696027755737
}