{
  "initialization_time": 0.3920609951019287,
  "execution_time": 127.86100769042969,
  "total_time": 128.25306868553162
}