{
  "initialization_time": 0.38407397270202637,
  "execution_time": 28.79025888442993,
  "total_time": 29.174332857131958
}