{
  "initialization_time": 0.39261531829833984,
  "execution_time": 28.450437784194946,
  "total_time": 28.843053102493286
}