{
  "initialization_time": 0.37877988815307617,
  "execution_time": 31.05453634262085,
  "total_time": 31.433316230773926
}