{
  "initialization_time": 0.402468204498291,
  "execution_time": 26.834118843078613,
  "total_time": 27.236587047576904
}