{
  "initialization_time": 0.42458605766296387,
  "execution_time": 41.04597187042236,
  "total_time": 41.47055792808533
}