{
  "initialization_time_planning": 0.393341064453125,
  "execution_time_planning": 39.437767028808594,
  "initialization_time_control": 0.39078617095947266,
  "execution_time_control": 126.06478095054626,
  "total_time": 166.28667521476746
}