{
  "initialization_time": 0.41000890731811523,
  "execution_time": 47.34364700317383,
  "total_time": 47.75365591049194
}