{
  "initialization_time": 0.39774489402770996,
  "execution_time": 24.171918153762817,
  "total_time": 24.569663047790527
}