{
  "initialization_time": 0.3847062587738037,
  "execution_time": 55.980058670043945,
  "total_time": 56.36476492881775
}