{
  "initialization_time": 0.43109893798828125,
  "execution_time": 106.06077194213867,
  "total_time": 106.49187088012695
}