{
  "initialization_time": 0.3851969242095947,
  "execution_time": 125.8800311088562,
  "total_time": 126.2652280330658
}