{
  "initialization_time": 0.416917085647583,
  "execution_time": 108.09993290901184,
  "total_time": 108.51684999465942
}