{
  "initialization_time": 0.4481010437011719,
  "execution_time": 36.87422204017639,
  "total_time": 37.32232308387756
}