{
  "initialization_time": 0.39033079147338867,
  "execution_time": 162.7346329689026,
  "total_time": 163.12496376037598
}