{
  "initialization_time": 0.47276806831359863,
  "execution_time": 81.63852524757385,
  "total_time": 82.11129331588745
}