{
  "initialization_time": 0.43708086013793945,
  "execution_time": 42.49093508720398,
  "total_time": 42.92801594734192
}