{
  "initialization_time": 0.3906879425048828,
  "execution_time": 215.69493794441223,
  "total_time": 216.08562588691711
}