{
  "initialization_time": 0.4536468982696533,
  "execution_time": 22.850924968719482,
  "total_time": 23.304571866989136
}