{
  "initialization_time": 0.4324500560760498,
  "execution_time": 24.028687238693237,
  "total_time": 24.461137294769287
}