{
  "initialization_time": 0.4292869567871094,
  "execution_time": 112.36939001083374,
  "total_time": 112.79867696762085
}