{
  "initialization_time": 0.4460012912750244,
  "execution_time": 291.5430338382721,
  "total_time": 291.9890351295471
}