{
  "initialization_time": 0.42261385917663574,
  "execution_time": 123.17943787574768,
  "total_time": 123.60205173492432
}