{
  "initialization_time": 0.38239097595214844,
  "execution_time": 60.586385011672974,
  "total_time": 60.96877598762512
}