{
  "initialization_time": 0.4335000514984131,
  "execution_time": 96.23300409317017,
  "total_time": 96.66650414466858
}