{
  "initialization_time": 0.41579198837280273,
  "execution_time": 64.29663896560669,
  "total_time": 64.71243095397949
}