{
  "initialization_time": 0.43644094467163086,
  "execution_time": 86.22387313842773,
  "total_time": 86.66031408309937
}