{
  "initialization_time": 0.6518049240112305,
  "execution_time": 27.663244009017944,
  "total_time": 28.315048933029175
}