{
  "initialization_time": 0.38465285301208496,
  "execution_time": 142.35572028160095,
  "total_time": 142.74037313461304
}