{
  "initialization_time": 0.43927574157714844,
  "execution_time": 24.712671279907227,
  "total_time": 25.151947021484375
}