{
  "initialization_time": 0.38968396186828613,
  "execution_time": 36.60782194137573,
  "total_time": 36.99750590324402
}