{
  "initialization_time": 0.38332176208496094,
  "execution_time": 29.60062003135681,
  "total_time": 29.983941793441772
}