{
  "initialization_time": 0.4070620536804199,
  "execution_time": 49.81691288948059,
  "total_time": 50.22397494316101
}