{
  "initialization_time": 0.37190699577331543,
  "execution_time": 58.501800775527954,
  "total_time": 58.87370777130127
}