{
  "initialization_time": 0.400831937789917,
  "execution_time": 26.908958911895752,
  "total_time": 27.30979084968567
}