{
  "initialization_time": 0.384227991104126,
  "execution_time": 56.619285106658936,
  "total_time": 57.00351309776306
}