{
  "initialization_time": 0.38262319564819336,
  "execution_time": 41.75709891319275,
  "total_time": 42.13972210884094
}