{
  "initialization_time": 0.42356204986572266,
  "execution_time": 44.543418884277344,
  "total_time": 44.966980934143066
}