{
  "initialization_time": 0.4235711097717285,
  "execution_time": 71.66516208648682,
  "total_time": 72.08873319625854
}