{
  "initialization_time": 0.43340182304382324,
  "execution_time": 118.55370306968689,
  "total_time": 118.98710489273071
}