{
  "initialization_time": 0.38474512100219727,
  "execution_time": 132.99581480026245,
  "total_time": 133.38055992126465
}