{
  "initialization_time": 0.4272000789642334,
  "execution_time": 59.473515033721924,
  "total_time": 59.90071511268616
}