{
  "initialization_time": 0.43647003173828125,
  "execution_time": 24.131809949874878,
  "total_time": 24.56827998161316
}