{
  "initialization_time": 0.38677072525024414,
  "execution_time": 23.867669105529785,
  "total_time": 24.25443983078003
}