{
  "initialization_time": 0.4160501956939697,
  "execution_time": 90.039226770401,
  "total_time": 90.45527696609497
}