{
  "initialization_time": 0.38770103454589844,
  "execution_time": 47.54021406173706,
  "total_time": 47.92791509628296
}