{
  "initialization_time": 0.3868558406829834,
  "execution_time": 44.28182125091553,
  "total_time": 44.66867709159851
}