{
  "initialization_time": 0.3844757080078125,
  "execution_time": 168.81164813041687,
  "total_time": 169.19612383842468
}