{
  "initialization_time": 0.46373510360717773,
  "execution_time": 122.34938287734985,
  "total_time": 122.81311798095703
}