{
  "initialization_time": 0.535592794418335,
  "execution_time": 69.49773907661438,
  "total_time": 70.03333187103271
}