{
  "initialization_time": 0.41791319847106934,
  "execution_time": 155.62870979309082,
  "total_time": 156.0466229915619
}