{
  "initialization_time": 0.3845670223236084,
  "execution_time": 34.19149470329285,
  "total_time": 34.576061725616455
}