{
  "initialization_time": 0.3799750804901123,
  "execution_time": 143.56119012832642,
  "total_time": 143.94116520881653
}