{
  "initialization_time": 0.3792459964752197,
  "execution_time": 56.83748698234558,
  "total_time": 57.2167329788208
}