{
  "initialization_time": 0.4356992244720459,
  "execution_time": 144.06800889968872,
  "total_time": 144.50370812416077
}