{
  "initialization_time": 0.3889942169189453,
  "execution_time": 149.8757677078247,
  "total_time": 150.26476192474365
}