{
  "initialization_time": 0.38130903244018555,
  "execution_time": 34.76936388015747,
  "total_time": 35.150672912597656
}