{
  "initialization_time": 0.42058396339416504,
  "execution_time": 261.4985568523407,
  "total_time": 261.91914081573486
}