{
  "initialization_time": 0.4530670642852783,
  "execution_time": 107.9760389328003,
  "total_time": 108.42910599708557
}