{
  "initialization_time": 0.38673901557922363,
  "execution_time": 24.235481023788452,
  "total_time": 24.622220039367676
}