{
  "initialization_time": 0.4154212474822998,
  "execution_time": 210.79711270332336,
  "total_time": 211.21253395080566
}