{
  "initialization_time": 0.46286582946777344,
  "execution_time": 25.37269401550293,
  "total_time": 25.835559844970703
}