{
  "initialization_time": 0.3793940544128418,
  "execution_time": 28.1542751789093,
  "total_time": 28.533669233322144
}