{
  "initialization_time": 0.432525634765625,
  "execution_time": 94.54997515678406,
  "total_time": 94.98250079154968
}