{
  "initialization_time": 0.38411998748779297,
  "execution_time": 136.42997789382935,
  "total_time": 136.81409788131714
}