{
  "initialization_time": 0.3797941207885742,
  "execution_time": 35.96379089355469,
  "total_time": 36.34358501434326
}