{
  "initialization_time": 0.44325995445251465,
  "execution_time": 101.18320989608765,
  "total_time": 101.62646985054016
}