{
  "initialization_time": 0.5849640369415283,
  "execution_time": 37.72395205497742,
  "total_time": 38.308916091918945
}