{
  "initialization_time": 0.3891739845275879,
  "execution_time": 24.20463991165161,
  "total_time": 24.5938138961792
}