{
  "initialization_time": 0.39101195335388184,
  "execution_time": 126.20017600059509,
  "total_time": 126.59118795394897
}