{
  "initialization_time": 0.3954620361328125,
  "execution_time": 37.846595764160156,
  "total_time": 38.24205780029297
}