{
  "initialization_time": 0.3867619037628174,
  "execution_time": 212.30650925636292,
  "total_time": 212.69327116012573
}