{
  "initialization_time": 0.4301900863647461,
  "execution_time": 36.53085803985596,
  "total_time": 36.9610481262207
}