{
  "initialization_time": 0.414874792098999,
  "execution_time": 50.32664394378662,
  "total_time": 50.74151873588562
}