{
  "initialization_time": 0.38788390159606934,
  "execution_time": 146.25869488716125,
  "total_time": 146.64657878875732
}