{
  "initialization_time": 0.5149290561676025,
  "execution_time": 187.816251039505,
  "total_time": 188.3311800956726
}