{
  "initialization_time": 0.4070298671722412,
  "execution_time": 85.91287803649902,
  "total_time": 86.31990790367126
}