{
  "initialization_time": 0.4157121181488037,
  "execution_time": 110.5850203037262,
  "total_time": 111.000732421875
}