{
  "initialization_time": 0.38559603691101074,
  "execution_time": 188.8501307964325,
  "total_time": 189.2357268333435
}