{
  "initialization_time": 0.39839625358581543,
  "execution_time": 53.37159299850464,
  "total_time": 53.769989252090454
}