{
  "initialization_time": 0.39311695098876953,
  "execution_time": 149.00814294815063,
  "total_time": 149.4012598991394
}