{
  "initialization_time": 0.3837258815765381,
  "execution_time": 161.82234525680542,
  "total_time": 162.20607113838196
}