{
  "initialization_time": 0.4060671329498291,
  "execution_time": 40.06888294219971,
  "total_time": 40.474950075149536
}