{
  "initialization_time": 0.3872640132904053,
  "execution_time": 157.36401510238647,
  "total_time": 157.75127911567688
}