{
  "initialization_time": 0.3984198570251465,
  "execution_time": 40.7379310131073,
  "total_time": 41.136350870132446
}