{
  "initialization_time": 0.39035820960998535,
  "execution_time": 61.41101098060608,
  "total_time": 61.801369190216064
}