{
  "initialization_time": 0.3907158374786377,
  "execution_time": 44.06393909454346,
  "total_time": 44.454654932022095
}