{
  "initialization_time": 0.378525972366333,
  "execution_time": 158.58161306381226,
  "total_time": 158.9601390361786
}