{
  "initialization_time": 0.37603306770324707,
  "execution_time": 61.53649115562439,
  "total_time": 61.91252422332764
}