{
  "initialization_time": 0.3815648555755615,
  "execution_time": 191.1463270187378,
  "total_time": 191.52789187431335
}