{
  "initialization_time": 0.3816490173339844,
  "execution_time": 35.71590614318848,
  "total_time": 36.09755516052246
}