{
  "initialization_time": 0.41489481925964355,
  "execution_time": 87.98260807991028,
  "total_time": 88.39750289916992
}