{
  "initialization_time": 0.3999488353729248,
  "execution_time": 126.24661111831665,
  "total_time": 126.64655995368958
}