{
  "initialization_time": 0.405853271484375,
  "execution_time": 41.671156883239746,
  "total_time": 42.07701015472412
}