{
  "initialization_time": 0.38685178756713867,
  "execution_time": 238.87104392051697,
  "total_time": 239.2578957080841
}