{
  "initialization_time": 0.43132996559143066,
  "execution_time": 37.13666105270386,
  "total_time": 37.56799101829529
}