{
  "initialization_time": 1.5672931671142578,
  "execution_time": 183.2734477519989,
  "total_time": 184.84074091911316
}