{
  "initialization_time": 0.49538421630859375,
  "execution_time": 130.76974892616272,
  "total_time": 131.2651331424713
}