{
  "initialization_time": 0.3777458667755127,
  "execution_time": 53.93130016326904,
  "total_time": 54.309046030044556
}