{
  "initialization_time": 0.3972899913787842,
  "execution_time": 26.95590591430664,
  "total_time": 27.353195905685425
}