{
  "initialization_time": 0.44194626808166504,
  "execution_time": 273.3044800758362,
  "total_time": 273.74642634391785
}