{
  "initialization_time": 0.38373708724975586,
  "execution_time": 25.73973512649536,
  "total_time": 26.123472213745117
}