{
  "initialization_time": 0.44943690299987793,
  "execution_time": 112.4152717590332,
  "total_time": 112.86470866203308
}