{
  "initialization_time": 0.38286399841308594,
  "execution_time": 266.76943492889404,
  "total_time": 267.15229892730713
}