{
  "initialization_time": 0.40296006202697754,
  "execution_time": 33.91931700706482,
  "total_time": 34.3222770690918
}