{
  "initialization_time": 0.43520593643188477,
  "execution_time": 26.324253797531128,
  "total_time": 26.759459733963013
}