{
  "initialization_time_planning": 0.40378689765930176,
  "execution_time_planning": 63.702155113220215,
  "initialization_time_control": 0.384052038192749,
  "execution_time_control": 153.74031400680542,
  "total_time": 218.23030805587769
}