{
  "initialization_time_planning": 0.40378689765930176,
  "execution_time_planning": 63.702155113220215,
  "initialization_time_control": 0.3853158950805664,
  "execution_time_control": 101.84644889831543,
  "total_time": 166.3377068042755
}