{
  "initialization_time_planning": 0.40378689765930176,
  "execution_time_planning": 63.702155113220215,
  "initialization_time_control": 0.3787658214569092,
  "execution_time_control": 149.36017107963562,
  "total_time": 213.84487891197205
}