{
  "initialization_time": 0.38677024841308594,
  "execution_time": 91.42869997024536,
  "total_time": 91.81547021865845
}