{
  "initialization_time": 0.38441014289855957,
  "execution_time": 24.318525791168213,
  "total_time": 24.702935934066772
}