{
  "initialization_time": 0.40569400787353516,
  "execution_time": 134.21465873718262,
  "total_time": 134.62035274505615
}