{
  "initialization_time": 0.39444494247436523,
  "execution_time": 53.35964512825012,
  "total_time": 53.75409007072449
}