{
  "initialization_time": 0.41012096405029297,
  "execution_time": 112.72492003440857,
  "total_time": 113.13504099845886
}