{
  "initialization_time": 0.40189194679260254,
  "execution_time": 32.46985912322998,
  "total_time": 32.87175107002258
}