{
  "initialization_time": 0.4013192653656006,
  "execution_time": 31.202826976776123,
  "total_time": 31.604146242141724
}