{
  "initialization_time": 0.402097225189209,
  "execution_time": 79.21463203430176,
  "total_time": 79.61672925949097
}