{
  "initialization_time": 0.39195895195007324,
  "execution_time": 27.565412044525146,
  "total_time": 27.95737099647522
}