{
  "initialization_time": 0.38796496391296387,
  "execution_time": 251.43388390541077,
  "total_time": 251.82184886932373
}