{
  "initialization_time": 0.4266057014465332,
  "execution_time": 229.92025899887085,
  "total_time": 230.34686470031738
}