{
  "initialization_time": 1.1916449069976807,
  "execution_time": 85.25915718078613,
  "total_time": 86.45080208778381
}