{
  "initialization_time": 0.39070892333984375,
  "execution_time": 25.977049112319946,
  "total_time": 26.36775803565979
}