{
  "initialization_time": 0.45244812965393066,
  "execution_time": 39.080222845077515,
  "total_time": 39.532670974731445
}