{
  "initialization_time": 0.4405789375305176,
  "execution_time": 136.36492609977722,
  "total_time": 136.80550503730774
}