{
  "initialization_time": 0.3852062225341797,
  "execution_time": 39.696579933166504,
  "total_time": 40.081786155700684
}