{
  "initialization_time": 0.45626020431518555,
  "execution_time": 190.0652940273285,
  "total_time": 190.52155423164368
}