{
  "initialization_time": 0.389127254486084,
  "execution_time": 152.90256595611572,
  "total_time": 153.2916932106018
}