{
  "initialization_time": 0.39455103874206543,
  "execution_time": 95.82659411430359,
  "total_time": 96.22114515304565
}