{
  "initialization_time": 0.38837289810180664,
  "execution_time": 27.77232003211975,
  "total_time": 28.160692930221558
}