{
  "initialization_time": 0.403353214263916,
  "execution_time": 39.91908288002014,
  "total_time": 40.32243609428406
}