{
  "initialization_time": 0.3979661464691162,
  "execution_time": 30.111997842788696,
  "total_time": 30.509963989257812
}