{
  "initialization_time": 0.3838331699371338,
  "execution_time": 111.29430413246155,
  "total_time": 111.67813730239868
}