{
  "initialization_time": 0.39481115341186523,
  "execution_time": 163.94141268730164,
  "total_time": 164.3362238407135
}