{
  "initialization_time": 0.37937474250793457,
  "execution_time": 141.03784704208374,
  "total_time": 141.41722178459167
}