{
  "initialization_time": 0.5023958683013916,
  "execution_time": 135.06186604499817,
  "total_time": 135.56426191329956
}