{
  "initialization_time": 0.38395190238952637,
  "execution_time": 52.67378783226013,
  "total_time": 53.05773973464966
}