{
  "initialization_time": 0.37752389907836914,
  "execution_time": 75.80261182785034,
  "total_time": 76.18013572692871
}