{
  "initialization_time": 0.43039774894714355,
  "execution_time": 89.23247814178467,
  "total_time": 89.66287589073181
}