{
  "initialization_time": 0.38341689109802246,
  "execution_time": 46.999018907547,
  "total_time": 47.38243579864502
}