{
  "initialization_time": 0.43076086044311523,
  "execution_time": 114.67035698890686,
  "total_time": 115.10111784934998
}