{
  "initialization_time": 1.5737531185150146,
  "execution_time": 22.241640090942383,
  "total_time": 23.815393209457397
}