{
  "initialization_time": 0.38653087615966797,
  "execution_time": 159.95223379135132,
  "total_time": 160.338764667511
}