{
  "initialization_time": 0.39580416679382324,
  "execution_time": 47.98889493942261,
  "total_time": 48.38469910621643
}