{
  "initialization_time": 0.38394594192504883,
  "execution_time": 37.69351124763489,
  "total_time": 38.07745718955994
}