{
  "initialization_time": 0.41730785369873047,
  "execution_time": 23.603399991989136,
  "total_time": 24.020707845687866
}