{
  "initialization_time": 0.43419981002807617,
  "execution_time": 115.10554599761963,
  "total_time": 115.5397458076477
}