{
  "initialization_time": 0.4581601619720459,
  "execution_time": 23.012640953063965,
  "total_time": 23.47080111503601
}