{
  "initialization_time": 0.4509618282318115,
  "execution_time": 107.35827207565308,
  "total_time": 107.80923390388489
}