{
  "initialization_time": 0.3998908996582031,
  "execution_time": 43.753562211990356,
  "total_time": 44.15345311164856
}