{
  "initialization_time": 0.37688493728637695,
  "execution_time": 35.46834206581116,
  "total_time": 35.845227003097534
}