{
  "initialization_time": 1.0070149898529053,
  "execution_time": 29.686447143554688,
  "total_time": 30.693462133407593
}