{
  "initialization_time": 0.39349985122680664,
  "execution_time": 37.52601194381714,
  "total_time": 37.919511795043945
}