{
  "initialization_time": 0.4487760066986084,
  "execution_time": 127.52628087997437,
  "total_time": 127.97505688667297
}