{
  "initialization_time": 0.38588690757751465,
  "execution_time": 21.29410195350647,
  "total_time": 21.679988861083984
}