{
  "initialization_time": 0.46895694732666016,
  "execution_time": 162.09978914260864,
  "total_time": 162.5687460899353
}