{
  "initialization_time": 0.38869309425354004,
  "execution_time": 85.42351412773132,
  "total_time": 85.81220722198486
}