{
  "initialization_time": 0.3823690414428711,
  "execution_time": 37.58126425743103,
  "total_time": 37.9636332988739
}