{
  "initialization_time": 0.3958573341369629,
  "execution_time": 100.93875789642334,
  "total_time": 101.3346152305603
}