{
  "initialization_time": 0.43250489234924316,
  "execution_time": 71.02886724472046,
  "total_time": 71.4613721370697
}