{
  "initialization_time": 0.38988494873046875,
  "execution_time": 35.55700182914734,
  "total_time": 35.94688677787781
}