{
  "initialization_time": 0.3893272876739502,
  "execution_time": 209.80365896224976,
  "total_time": 210.1929862499237
}