{
  "initialization_time": 0.5477180480957031,
  "execution_time": 26.851233959197998,
  "total_time": 27.3989520072937
}