{
  "initialization_time": 0.38223695755004883,
  "execution_time": 24.913028717041016,
  "total_time": 25.295265674591064
}