{
  "initialization_time": 0.3809328079223633,
  "execution_time": 130.98753190040588,
  "total_time": 131.36846470832825
}