{
  "initialization_time": 0.39064502716064453,
  "execution_time": 49.59801006317139,
  "total_time": 49.98865509033203
}