{
  "initialization_time": 0.391345739364624,
  "execution_time": 160.27215099334717,
  "total_time": 160.6634967327118
}