{
  "initialization_time": 0.46836304664611816,
  "execution_time": 27.1094651222229,
  "total_time": 27.57782816886902
}