{
  "initialization_time": 0.4514200687408447,
  "execution_time": 33.92891597747803,
  "total_time": 34.38033604621887
}