{
  "initialization_time": 1.4382991790771484,
  "execution_time": 33.4057559967041,
  "total_time": 34.84405517578125
}