{
  "initialization_time": 0.38933897018432617,
  "execution_time": 150.22622513771057,
  "total_time": 150.6155641078949
}