{
  "initialization_time_planning": 0.3945889472961426,
  "execution_time_planning": 46.79072117805481,
  "initialization_time_control": 0.383394718170166,
  "execution_time_control": 62.8949990272522,
  "total_time": 110.46370387077332
}