{
  "initialization_time_planning": 0.3945889472961426,
  "execution_time_planning": 46.79072117805481,
  "initialization_time_control": 0.38363075256347656,
  "execution_time_control": 159.2513530254364,
  "total_time": 206.82029390335083
}