{
  "initialization_time_planning": 0.3945889472961426,
  "execution_time_planning": 46.79072117805481,
  "initialization_time_control": 0.37775707244873047,
  "execution_time_control": 71.40539622306824,
  "total_time": 118.96846342086792
}