{
  "initialization_time": 0.40857696533203125,
  "execution_time": 85.64876103401184,
  "total_time": 86.05733799934387
}