{
  "initialization_time": 0.4666750431060791,
  "execution_time": 25.679779052734375,
  "total_time": 26.146454095840454
}