{
  "initialization_time": 0.4415900707244873,
  "execution_time": 114.75073575973511,
  "total_time": 115.1923258304596
}