{
  "initialization_time": 0.38860583305358887,
  "execution_time": 25.036120891571045,
  "total_time": 25.424726724624634
}