{
  "initialization_time": 0.39589834213256836,
  "execution_time": 116.46973586082458,
  "total_time": 116.86563420295715
}