{
  "initialization_time": 0.37659287452697754,
  "execution_time": 70.588534116745,
  "total_time": 70.96512699127197
}