{
  "initialization_time": 0.41565418243408203,
  "execution_time": 93.66067290306091,
  "total_time": 94.076327085495
}