{
  "initialization_time_planning": 0.40638017654418945,
  "execution_time_planning": 36.79319500923157,
  "initialization_time_control": 0.4183330535888672,
  "execution_time_control": 190.72668075561523,
  "total_time": 228.34458899497986
}