{
  "initialization_time_planning": 0.40638017654418945,
  "execution_time_planning": 36.79319500923157,
  "initialization_time_control": 0.38568711280822754,
  "execution_time_control": 166.53646087646484,
  "total_time": 204.12172317504883
}