{
  "initialization_time_planning": 0.40638017654418945,
  "execution_time_planning": 36.79319500923157,
  "initialization_time_control": 0.38200926780700684,
  "execution_time_control": 109.32963681221008,
  "total_time": 146.91122126579285
}