{
  "initialization_time": 0.47933101654052734,
  "execution_time": 19.6857430934906,
  "total_time": 20.165074110031128
}