{
  "initialization_time": 0.3786580562591553,
  "execution_time": 40.88637590408325,
  "total_time": 41.26503396034241
}