{
  "initialization_time": 0.6598148345947266,
  "execution_time": 40.06373190879822,
  "total_time": 40.723546743392944
}