{
  "initialization_time": 0.38222312927246094,
  "execution_time": 28.904088735580444,
  "total_time": 29.286311864852905
}