{
  "initialization_time": 0.38802099227905273,
  "execution_time": 28.647777795791626,
  "total_time": 29.03579878807068
}