{
  "initialization_time": 0.5073740482330322,
  "execution_time": 35.18568682670593,
  "total_time": 35.693060874938965
}