{
  "initialization_time": 0.39473724365234375,
  "execution_time": 32.62379503250122,
  "total_time": 33.018532276153564
}