{
  "initialization_time": 0.3851480484008789,
  "execution_time": 36.67307496070862,
  "total_time": 37.0582230091095
}