{
  "initialization_time": 0.4612081050872803,
  "execution_time": 89.61426782608032,
  "total_time": 90.0754759311676
}