{
  "initialization_time": 0.43079495429992676,
  "execution_time": 95.61649370193481,
  "total_time": 96.04728865623474
}