{
  "initialization_time": 0.3937571048736572,
  "execution_time": 196.29795289039612,
  "total_time": 196.69170999526978
}