{
  "initialization_time": 0.3874812126159668,
  "execution_time": 238.97391891479492,
  "total_time": 239.3614001274109
}