{
  "initialization_time": 0.4311490058898926,
  "execution_time": 23.133538007736206,
  "total_time": 23.5646870136261
}