{
  "initialization_time": 0.39409875869750977,
  "execution_time": 29.827245950698853,
  "total_time": 30.221344709396362
}