{
  "initialization_time": 0.3836379051208496,
  "execution_time": 24.271660804748535,
  "total_time": 24.655298709869385
}