{
  "initialization_time": 0.3902010917663574,
  "execution_time": 173.44844698905945,
  "total_time": 173.8386480808258
}