{
  "initialization_time": 0.3804459571838379,
  "execution_time": 28.80987524986267,
  "total_time": 29.19032120704651
}