{
  "initialization_time": 0.3902277946472168,
  "execution_time": 36.38746905326843,
  "total_time": 36.77769684791565
}