{
  "initialization_time": 0.43362879753112793,
  "execution_time": 209.40691208839417,
  "total_time": 209.8405408859253
}