{
  "initialization_time": 0.39464330673217773,
  "execution_time": 114.02760863304138,
  "total_time": 114.42225193977356
}