{
  "initialization_time": 0.44690513610839844,
  "execution_time": 75.37526392936707,
  "total_time": 75.82216906547546
}