{
  "initialization_time": 0.39383602142333984,
  "execution_time": 30.72430992126465,
  "total_time": 31.11814594268799
}