{
  "initialization_time": 0.39087486267089844,
  "execution_time": 24.781832933425903,
  "total_time": 25.1727077960968
}