{
  "initialization_time": 0.39922213554382324,
  "execution_time": 43.41366696357727,
  "total_time": 43.812889099121094
}