{
  "initialization_time": 0.3851292133331299,
  "execution_time": 219.3923978805542,
  "total_time": 219.77752709388733
}