{
  "initialization_time": 0.4022829532623291,
  "execution_time": 42.28350901603699,
  "total_time": 42.685791969299316
}