{
  "initialization_time": 0.417827844619751,
  "execution_time": 150.28570008277893,
  "total_time": 150.70352792739868
}