{
  "initialization_time": 0.4392890930175781,
  "execution_time": 136.1491892337799,
  "total_time": 136.58847832679749
}