{
  "initialization_time": 0.4165210723876953,
  "execution_time": 37.231250047683716,
  "total_time": 37.64777112007141
}