{
  "initialization_time": 0.38486623764038086,
  "execution_time": 32.77289581298828,
  "total_time": 33.15776205062866
}