{
  "initialization_time_planning": 0.4002230167388916,
  "execution_time_planning": 44.77169108390808,
  "initialization_time_control": 0.38322997093200684,
  "execution_time_control": 75.83330416679382,
  "total_time": 121.3884482383728
}