{
  "initialization_time_planning": 0.4002230167388916,
  "execution_time_planning": 44.77169108390808,
  "initialization_time_control": 0.43010401725769043,
  "execution_time_control": 135.75820398330688,
  "total_time": 181.36022210121155
}