{
  "initialization_time_planning": 0.4002230167388916,
  "execution_time_planning": 44.77169108390808,
  "initialization_time_control": 0.38785481452941895,
  "execution_time_control": 70.86186408996582,
  "total_time": 116.42163300514221
}