{
  "initialization_time": 0.44220685958862305,
  "execution_time": 26.356158018112183,
  "total_time": 26.798364877700806
}