{
  "initialization_time": 0.3703591823577881,
  "execution_time": 25.9457106590271,
  "total_time": 26.316069841384888
}