{
  "initialization_time": 0.39025092124938965,
  "execution_time": 46.53835320472717,
  "total_time": 46.92860412597656
}