{
  "initialization_time": 0.40120697021484375,
  "execution_time": 39.49542713165283,
  "total_time": 39.896634101867676
}