{
  "initialization_time": 0.43572521209716797,
  "execution_time": 150.03460478782654,
  "total_time": 150.4703299999237
}