{
  "initialization_time": 0.43546605110168457,
  "execution_time": 126.7394289970398,
  "total_time": 127.17489504814148
}