{
  "initialization_time": 0.3979158401489258,
  "execution_time": 181.0990960597992,
  "total_time": 181.49701189994812
}