{
  "initialization_time_planning": 0.4038550853729248,
  "execution_time_planning": 40.791999101638794,
  "initialization_time_control": 0.3982810974121094,
  "execution_time_control": 76.61068296432495,
  "total_time": 118.20481824874878
}