{
  "initialization_time_planning": 0.4038550853729248,
  "execution_time_planning": 40.791999101638794,
  "initialization_time_control": 0.3900120258331299,
  "execution_time_control": 132.209636926651,
  "total_time": 173.79550313949585
}