{
  "initialization_time_planning": 0.4038550853729248,
  "execution_time_planning": 40.791999101638794,
  "initialization_time_control": 0.3942067623138428,
  "execution_time_control": 86.11246919631958,
  "total_time": 127.70253014564514
}