{
  "initialization_time": 0.43111419677734375,
  "execution_time": 35.53921890258789,
  "total_time": 35.970333099365234
}