{
  "initialization_time": 0.4029688835144043,
  "execution_time": 24.086772918701172,
  "total_time": 24.489741802215576
}