{
  "initialization_time": 0.4871978759765625,
  "execution_time": 223.66751885414124,
  "total_time": 224.1547167301178
}