{
  "initialization_time": 0.4299318790435791,
  "execution_time": 112.5178599357605,
  "total_time": 112.94779181480408
}