{
  "initialization_time": 0.4850759506225586,
  "execution_time": 109.82603693008423,
  "total_time": 110.31111288070679
}