{
  "initialization_time": 0.38799214363098145,
  "execution_time": 177.1733000278473,
  "total_time": 177.56129217147827
}