{
  "initialization_time": 0.3831512928009033,
  "execution_time": 29.23284888267517,
  "total_time": 29.616000175476074
}