{
  "initialization_time": 0.45734667778015137,
  "execution_time": 136.62538123130798,
  "total_time": 137.08272790908813
}