{
  "initialization_time": 0.4241142272949219,
  "execution_time": 38.89290165901184,
  "total_time": 39.31701588630676
}