{
  "initialization_time": 0.3892049789428711,
  "execution_time": 58.963932275772095,
  "total_time": 59.353137254714966
}