{
  "initialization_time": 0.3908841609954834,
  "execution_time": 188.05792093276978,
  "total_time": 188.44880509376526
}