{
  "initialization_time": 0.39283204078674316,
  "execution_time": 26.565379858016968,
  "total_time": 26.95821189880371
}