{
  "initialization_time": 0.3890697956085205,
  "execution_time": 34.418200969696045,
  "total_time": 34.807270765304565
}