{
  "initialization_time": 0.41131114959716797,
  "execution_time": 103.0590751171112,
  "total_time": 103.47038626670837
}