{
  "initialization_time": 0.3799560070037842,
  "execution_time": 130.25050282478333,
  "total_time": 130.6304588317871
}