{
  "initialization_time": 0.3843991756439209,
  "execution_time": 26.664469003677368,
  "total_time": 27.04886817932129
}