{
  "initialization_time": 0.3915069103240967,
  "execution_time": 41.01393508911133,
  "total_time": 41.405441999435425
}