{
  "initialization_time": 0.38601088523864746,
  "execution_time": 238.97476029396057,
  "total_time": 239.36077117919922
}