{
  "initialization_time": 0.3979361057281494,
  "execution_time": 24.621854066848755,
  "total_time": 25.019790172576904
}