{
  "initialization_time": 0.41286683082580566,
  "execution_time": 146.95058917999268,
  "total_time": 147.36345601081848
}