{
  "initialization_time": 0.4062800407409668,
  "execution_time": 215.86723470687866,
  "total_time": 216.27351474761963
}