{
  "initialization_time": 0.39052391052246094,
  "execution_time": 25.748860120773315,
  "total_time": 26.139384031295776
}