{
  "initialization_time": 0.40761804580688477,
  "execution_time": 35.75266194343567,
  "total_time": 36.160279989242554
}