{
  "initialization_time": 0.38443493843078613,
  "execution_time": 58.527961015701294,
  "total_time": 58.91239595413208
}