{
  "initialization_time": 0.3833611011505127,
  "execution_time": 30.286479949951172,
  "total_time": 30.669841051101685
}