{
  "initialization_time": 0.4246039390563965,
  "execution_time": 135.42086386680603,
  "total_time": 135.84546780586243
}