{
  "initialization_time": 0.39533090591430664,
  "execution_time": 24.648520946502686,
  "total_time": 25.043851852416992
}