{
  "initialization_time": 0.7369420528411865,
  "execution_time": 22.981492042541504,
  "total_time": 23.71843409538269
}