{
  "initialization_time": 0.44342923164367676,
  "execution_time": 183.37736082077026,
  "total_time": 183.82079005241394
}