{
  "initialization_time": 0.3952000141143799,
  "execution_time": 63.71487307548523,
  "total_time": 64.11007308959961
}