{
  "initialization_time": 0.3929309844970703,
  "execution_time": 125.49213480949402,
  "total_time": 125.88506579399109
}