{
  "initialization_time": 0.39836788177490234,
  "execution_time": 143.98546409606934,
  "total_time": 144.38383197784424
}