{
  "initialization_time": 0.38863325119018555,
  "execution_time": 188.83010292053223,
  "total_time": 189.2187361717224
}