{
  "initialization_time": 0.37932801246643066,
  "execution_time": 156.35358595848083,
  "total_time": 156.73291397094727
}