{
  "initialization_time": 0.43220996856689453,
  "execution_time": 100.52664279937744,
  "total_time": 100.95885276794434
}