{
  "initialization_time": 0.3922429084777832,
  "execution_time": 78.7231822013855,
  "total_time": 79.11542510986328
}