{
  "initialization_time": 0.3862919807434082,
  "execution_time": 30.201187133789062,
  "total_time": 30.58747911453247
}