{
  "initialization_time": 0.45028114318847656,
  "execution_time": 23.759371995925903,
  "total_time": 24.20965313911438
}