{
  "initialization_time": 0.42189955711364746,
  "execution_time": 26.452533960342407,
  "total_time": 26.874433517456055
}