{
  "initialization_time": 0.38050413131713867,
  "execution_time": 39.31808686256409,
  "total_time": 39.698590993881226
}