{
  "initialization_time": 0.4362459182739258,
  "execution_time": 184.84118819236755,
  "total_time": 185.27743411064148
}