{
  "initialization_time": 0.445404052734375,
  "execution_time": 38.76684904098511,
  "total_time": 39.21225309371948
}