{
  "initialization_time": 0.4158458709716797,
  "execution_time": 131.85103011131287,
  "total_time": 132.26687598228455
}