{
  "initialization_time": 0.3876681327819824,
  "execution_time": 132.08840084075928,
  "total_time": 132.47606897354126
}