{
  "initialization_time": 0.38690829277038574,
  "execution_time": 39.368656873703,
  "total_time": 39.75556516647339
}