{
  "initialization_time": 0.4288768768310547,
  "execution_time": 126.19810795783997,
  "total_time": 126.62698483467102
}