{
  "initialization_time": 0.431318998336792,
  "execution_time": 211.64173316955566,
  "total_time": 212.07305216789246
}