{
  "initialization_time": 0.4216740131378174,
  "execution_time": 37.805680990219116,
  "total_time": 38.227355003356934
}