{
  "initialization_time": 0.3836398124694824,
  "execution_time": 29.89805316925049,
  "total_time": 30.28169298171997
}