{
  "initialization_time_planning": 0.40104007720947266,
  "execution_time_planning": 50.915687084198,
  "initialization_time_control": 0.3853762149810791,
  "execution_time_control": 92.83974623680115,
  "total_time": 144.5418496131897
}