{
  "initialization_time_planning": 0.40104007720947266,
  "execution_time_planning": 50.915687084198,
  "initialization_time_control": 0.38448572158813477,
  "execution_time_control": 171.871431350708,
  "total_time": 223.5726442337036
}