{
  "initialization_time_planning": 0.40104007720947266,
  "execution_time_planning": 50.915687084198,
  "initialization_time_control": 0.38524699211120605,
  "execution_time_control": 148.2268772125244,
  "total_time": 199.9288513660431
}