{
  "initialization_time": 0.4579439163208008,
  "execution_time": 152.10217118263245,
  "total_time": 152.56011509895325
}