{
  "initialization_time": 0.3800849914550781,
  "execution_time": 60.41499590873718,
  "total_time": 60.79508090019226
}