{
  "initialization_time": 0.3769090175628662,
  "execution_time": 129.7489378452301,
  "total_time": 130.12584686279297
}