{
  "initialization_time": 0.4546339511871338,
  "execution_time": 43.30788207054138,
  "total_time": 43.762516021728516
}