{
  "initialization_time": 0.3910651206970215,
  "execution_time": 26.94633173942566,
  "total_time": 27.33739686012268
}