{
  "initialization_time": 0.44510984420776367,
  "execution_time": 57.181459188461304,
  "total_time": 57.62656903266907
}