{
  "initialization_time": 0.3864707946777344,
  "execution_time": 169.05584716796875,
  "total_time": 169.44231796264648
}