{
  "initialization_time": 0.39161086082458496,
  "execution_time": 32.73435115814209,
  "total_time": 33.125962018966675
}