{
  "initialization_time": 0.48087406158447266,
  "execution_time": 94.42577886581421,
  "total_time": 94.90665292739868
}