{
  "initialization_time": 0.3850381374359131,
  "execution_time": 126.84202599525452,
  "total_time": 127.22706413269043
}