{
  "initialization_time": 0.3844170570373535,
  "execution_time": 178.2123739719391,
  "total_time": 178.59679102897644
}