{
  "initialization_time": 0.3830420970916748,
  "execution_time": 44.75956869125366,
  "total_time": 45.14261078834534
}