{
  "initialization_time": 0.4501209259033203,
  "execution_time": 28.77010679244995,
  "total_time": 29.22022771835327
}