{
  "initialization_time": 0.39430809020996094,
  "execution_time": 193.7530369758606,
  "total_time": 194.14734506607056
}