{
  "initialization_time": 0.40329527854919434,
  "execution_time": 38.129863023757935,
  "total_time": 38.53315830230713
}