{
  "initialization_time": 0.4004340171813965,
  "execution_time": 142.65387797355652,
  "total_time": 143.05431199073792
}