{
  "initialization_time": 0.430988073348999,
  "execution_time": 103.51041507720947,
  "total_time": 103.94140315055847
}