{
  "initialization_time": 0.4180259704589844,
  "execution_time": 95.84881114959717,
  "total_time": 96.26683712005615
}