{
  "initialization_time": 0.5031750202178955,
  "execution_time": 25.20124387741089,
  "total_time": 25.704418897628784
}