{
  "initialization_time": 0.411236047744751,
  "execution_time": 41.670578956604004,
  "total_time": 42.081815004348755
}