{
  "initialization_time": 0.3863039016723633,
  "execution_time": 21.80811595916748,
  "total_time": 22.194419860839844
}