{
  "initialization_time": 0.4436640739440918,
  "execution_time": 228.06254386901855,
  "total_time": 228.50620794296265
}