{
  "initialization_time": 0.40825796127319336,
  "execution_time": 106.25825595855713,
  "total_time": 106.66651391983032
}