{
  "initialization_time": 0.39382123947143555,
  "execution_time": 37.23870897293091,
  "total_time": 37.632530212402344
}