{
  "initialization_time": 0.38289403915405273,
  "execution_time": 26.764636993408203,
  "total_time": 27.147531032562256
}