{
  "initialization_time": 0.39316391944885254,
  "execution_time": 25.004075050354004,
  "total_time": 25.397238969802856
}