{
  "initialization_time": 0.45644402503967285,
  "execution_time": 70.8820378780365,
  "total_time": 71.33848190307617
}