{
  "initialization_time": 0.3907008171081543,
  "execution_time": 36.29026794433594,
  "total_time": 36.68096876144409
}