{
  "initialization_time": 0.5268771648406982,
  "execution_time": 71.36215209960938,
  "total_time": 71.88902926445007
}