{
  "initialization_time": 0.38726282119750977,
  "execution_time": 186.14905714988708,
  "total_time": 186.5363199710846
}