{
  "initialization_time": 0.38526105880737305,
  "execution_time": 161.74134516716003,
  "total_time": 162.1266062259674
}