{
  "initialization_time": 0.40167808532714844,
  "execution_time": 31.23540687561035,
  "total_time": 31.6370849609375
}