{
  "initialization_time": 0.4153878688812256,
  "execution_time": 96.41335916519165,
  "total_time": 96.82874703407288
}