{
  "initialization_time": 0.3940277099609375,
  "execution_time": 26.37169599533081,
  "total_time": 26.765723705291748
}