{
  "initialization_time": 0.4717991352081299,
  "execution_time": 222.68828010559082,
  "total_time": 223.16007924079895
}