{
  "initialization_time_planning": 0.38178491592407227,
  "execution_time_planning": 61.699613094329834,
  "initialization_time_control": 0.4166903495788574,
  "execution_time_control": 111.5192518234253,
  "total_time": 174.01734018325806
}