{
  "initialization_time_planning": 0.38178491592407227,
  "execution_time_planning": 61.699613094329834,
  "initialization_time_control": 0.3885629177093506,
  "execution_time_control": 60.063315868377686,
  "total_time": 122.53327679634094
}