{
  "initialization_time_planning": 0.38178491592407227,
  "execution_time_planning": 61.699613094329834,
  "initialization_time_control": 0.39566779136657715,
  "execution_time_control": 250.41145992279053,
  "total_time": 312.888525724411
}