{
  "initialization_time": 0.4758439064025879,
  "execution_time": 38.77147102355957,
  "total_time": 39.24731492996216
}