{
  "initialization_time": 0.3822169303894043,
  "execution_time": 196.61903381347656,
  "total_time": 197.00125074386597
}