{
  "initialization_time": 0.40496397018432617,
  "execution_time": 178.7006390094757,
  "total_time": 179.10560297966003
}