{
  "initialization_time": 0.45261383056640625,
  "execution_time": 121.74076414108276,
  "total_time": 122.19337797164917
}