{
  "initialization_time": 0.3905339241027832,
  "execution_time": 209.7121021747589,
  "total_time": 210.1026360988617
}