{
  "initialization_time": 0.38349413871765137,
  "execution_time": 50.3535737991333,
  "total_time": 50.73706793785095
}