{
  "initialization_time": 0.3876681327819824,
  "execution_time": 42.05937671661377,
  "total_time": 42.44704484939575
}