{
  "initialization_time": 0.37402915954589844,
  "execution_time": 138.6184799671173,
  "total_time": 138.9925091266632
}