{
  "initialization_time": 0.38823390007019043,
  "execution_time": 28.569749116897583,
  "total_time": 28.957983016967773
}