{
  "initialization_time": 0.4083380699157715,
  "execution_time": 123.00080919265747,
  "total_time": 123.40914726257324
}