{
  "initialization_time": 0.3888230323791504,
  "execution_time": 43.78710174560547,
  "total_time": 44.17592477798462
}