{
  "initialization_time": 0.38848209381103516,
  "execution_time": 25.19015884399414,
  "total_time": 25.578640937805176
}