{
  "initialization_time": 0.39899492263793945,
  "execution_time": 43.35979700088501,
  "total_time": 43.75879192352295
}