{
  "initialization_time": 0.3917539119720459,
  "execution_time": 168.6041841506958,
  "total_time": 168.99593806266785
}