{
  "initialization_time": 0.39862895011901855,
  "execution_time": 113.00616097450256,
  "total_time": 113.40478992462158
}