{
  "initialization_time": 0.42233800888061523,
  "execution_time": 138.34126472473145,
  "total_time": 138.76360273361206
}