{
  "initialization_time": 0.3978402614593506,
  "execution_time": 35.66628098487854,
  "total_time": 36.06412124633789
}