{
  "initialization_time": 0.37892675399780273,
  "execution_time": 35.181084871292114,
  "total_time": 35.56001162528992
}