{
  "initialization_time": 0.39537787437438965,
  "execution_time": 130.1517128944397,
  "total_time": 130.5470907688141
}