{
  "initialization_time": 0.3712489604949951,
  "execution_time": 23.200669050216675,
  "total_time": 23.57191801071167
}