{
  "initialization_time": 0.3924529552459717,
  "execution_time": 141.27441501617432,
  "total_time": 141.6668679714203
}