{
  "initialization_time": 0.38016700744628906,
  "execution_time": 41.7072069644928,
  "total_time": 42.08737397193909
}