{
  "initialization_time": 0.3949620723724365,
  "execution_time": 34.483885049819946,
  "total_time": 34.87884712219238
}