{
  "initialization_time": 0.38306593894958496,
  "execution_time": 142.58373022079468,
  "total_time": 142.96679615974426
}