{
  "initialization_time": 1.0169689655303955,
  "execution_time": 204.88151025772095,
  "total_time": 205.89847922325134
}