{
  "initialization_time": 0.3854198455810547,
  "execution_time": 132.27874398231506,
  "total_time": 132.66416382789612
}