{
  "initialization_time": 0.395050048828125,
  "execution_time": 52.847803831100464,
  "total_time": 53.24285387992859
}