{
  "initialization_time": 0.38870811462402344,
  "execution_time": 37.317704916000366,
  "total_time": 37.70641303062439
}