{
  "initialization_time": 0.49175286293029785,
  "execution_time": 25.852051973342896,
  "total_time": 26.343804836273193
}