{
  "initialization_time": 0.4377317428588867,
  "execution_time": 93.80873012542725,
  "total_time": 94.24646186828613
}