{
  "initialization_time": 0.439866304397583,
  "execution_time": 23.977035760879517,
  "total_time": 24.4169020652771
}