{
  "initialization_time": 0.37114715576171875,
  "execution_time": 22.887894868850708,
  "total_time": 23.259042024612427
}