{
  "initialization_time": 0.3882110118865967,
  "execution_time": 29.25644612312317,
  "total_time": 29.644657135009766
}