{
  "initialization_time": 0.4053037166595459,
  "execution_time": 21.41371512413025,
  "total_time": 21.819018840789795
}