{
  "initialization_time_planning": 0.3988606929779053,
  "execution_time_planning": 41.88432002067566,
  "initialization_time_control": 0.4201338291168213,
  "execution_time_control": 82.48200702667236,
  "total_time": 125.18532156944275
}