{
  "initialization_time_planning": 0.3988606929779053,
  "execution_time_planning": 41.88432002067566,
  "initialization_time_control": 0.38137292861938477,
  "execution_time_control": 147.32018518447876,
  "total_time": 189.9847388267517
}