{
  "initialization_time": 0.47269511222839355,
  "execution_time": 166.32114911079407,
  "total_time": 166.79384422302246
}