{
  "initialization_time_planning": 0.4058220386505127,
  "execution_time_planning": 46.40389394760132,
  "initialization_time_control": 0.3880348205566406,
  "execution_time_control": 60.14646887779236,
  "total_time": 107.34421968460083
}