{
  "initialization_time_planning": 0.42305994033813477,
  "execution_time_planning": 32.77552103996277,
  "initialization_time_control": 0.42940807342529297,
  "execution_time_control": 164.7012529373169,
  "total_time": 198.3292419910431
}