{
  "initialization_time_planning": 0.4058220386505127,
  "execution_time_planning": 46.40389394760132,
  "initialization_time_control": 0.384105920791626,
  "execution_time_control": 109.57552790641785,
  "total_time": 156.7693498134613
}