{
  "initialization_time_planning": 0.4058220386505127,
  "execution_time_planning": 46.40389394760132,
  "initialization_time_control": 0.38402771949768066,
  "execution_time_control": 144.26880502700806,
  "total_time": 191.46254873275757
}