{
  "initialization_time": 0.38381218910217285,
  "execution_time": 92.53694272041321,
  "total_time": 92.92075490951538
}