{
  "initialization_time": 0.4137389659881592,
  "execution_time": 39.31643986701965,
  "total_time": 39.73017883300781
}