{
  "initialization_time": 0.39939093589782715,
  "execution_time": 32.85965585708618,
  "total_time": 33.25904679298401
}