{
  "initialization_time": 0.4273228645324707,
  "execution_time": 23.7990460395813,
  "total_time": 24.22636890411377
}