{
  "initialization_time": 0.4194769859313965,
  "execution_time": 165.85720491409302,
  "total_time": 166.2766819000244
}