{
  "initialization_time": 0.41973090171813965,
  "execution_time": 25.179661989212036,
  "total_time": 25.599392890930176
}