{
  "initialization_time": 0.3867831230163574,
  "execution_time": 44.51615285873413,
  "total_time": 44.90293598175049
}