{
  "initialization_time": 0.39520716667175293,
  "execution_time": 33.63776683807373,
  "total_time": 34.03297400474548
}