{
  "initialization_time": 0.43740272521972656,
  "execution_time": 37.875025033950806,
  "total_time": 38.31242775917053
}