{
  "initialization_time": 0.3963038921356201,
  "execution_time": 131.4872603416443,
  "total_time": 131.8835642337799
}