{
  "initialization_time": 0.433884859085083,
  "execution_time": 155.38575220108032,
  "total_time": 155.8196370601654
}