{
  "initialization_time": 0.38451504707336426,
  "execution_time": 41.362953901290894,
  "total_time": 41.74746894836426
}