{
  "initialization_time": 0.38097310066223145,
  "execution_time": 132.40272498130798,
  "total_time": 132.78369808197021
}