{
  "initialization_time": 0.3902721405029297,
  "execution_time": 39.775781869888306,
  "total_time": 40.166054010391235
}