{
  "initialization_time": 0.4115157127380371,
  "execution_time": 127.8215160369873,
  "total_time": 128.23303174972534
}