{
  "initialization_time": 0.4230809211730957,
  "execution_time": 260.09431505203247,
  "total_time": 260.51739597320557
}