{
  "initialization_time": 0.3918590545654297,
  "execution_time": 45.996479988098145,
  "total_time": 46.388339042663574
}