{
  "initialization_time": 0.39908695220947266,
  "execution_time": 25.791673183441162,
  "total_time": 26.190760135650635
}